id,fence_id,status,message_time,image
1,1,open,2025-03-20 18:10:50,/static/images/open.png
2,22,closed,2025-03-20 18:26:41,/static/images/closed.png
3,14,open,2025-03-20 18:26:54,/static/images/open.png
4,7,closed,2025-03-20 18:40:55,/static/images/closed.png
5,9,open,2025-03-20 18:42:44,/static/images/open.png
6,1,open,2025-03-20 18:10:50,/static/images/open.png
7,22,closed,2025-03-20 18:26:41,/static/images/closed.png
8,14,open,2025-03-20 18:26:54,/static/images/open.png
9,7,closed,2025-03-20 18:40:55,/static/images/closed.png
10,9,open,2025-03-20 18:42:44,/static/images/open.png
11,22,closed,2025-03-20 18:26:41,/static/images/closed.png
12,14,open,2025-03-20 18:26:54,/static/images/open.png
13,7,closed,2025-03-20 18:40:55,/static/images/closed.png
14,9,open,2025-03-20 18:42:44,/static/images/open.png
15,14,open,2025-03-20 18:39:46,/static/images/open.png
16,7,sever_traffic_jam,2025-03-20 18:40:55,/static/images/traffic.png
17,9,open,2025-03-20 18:42:44,/static/images/open.png
18,21,closed,2025-03-20 18:44:14,/static/images/closed.png
19,28,open,2025-03-20 19:25:33,/static/images/open.png
20,9,open,2025-03-20 19:06:09,/static/images/open.png
21,28,open,2025-03-20 19:25:33,/static/images/open.png
22,2,open,2025-03-20 19:36:27,/static/images/open.png
23,1,open,2025-03-20 19:41:21,/static/images/open.png
24,14,open,2025-03-20 19:42:01,/static/images/open.png
25,5,open,2025-03-20 19:42:47,/static/images/open.png
26,8,open,2025-03-20 19:50:08,/static/images/open.png
27,5,open,2025-03-21 11:02:37,/static/images/open.png
28,18,open,2025-03-21 11:14:45,/static/images/open.png
29,9,open,2025-03-21 11:29:56,/static/images/open.png
30,33,open,2025-03-21 11:42:44,/static/images/open.png
31,2,open,2025-03-21 11:43:26,/static/images/open.png
32,35,open,2025-03-21 11:43:51,/static/images/open.png
33,5,open,2025-03-21 11:02:37,/static/images/open.png
34,18,open,2025-03-21 11:14:45,/static/images/open.png
35,9,open,2025-03-21 11:29:56,/static/images/open.png
36,33,open,2025-03-21 11:42:44,/static/images/open.png
37,2,open,2025-03-21 11:43:26,/static/images/open.png
38,35,open,2025-03-21 11:43:51,/static/images/open.png
39,18,open,2025-03-21 11:14:45,/static/images/open.png
40,9,open,2025-03-21 11:29:56,/static/images/open.png
41,33,open,2025-03-21 11:42:44,/static/images/open.png
42,2,open,2025-03-21 11:43:26,/static/images/open.png
43,35,open,2025-03-21 11:43:51,/static/images/open.png
44,10,open,2025-03-21 12:03:54,/static/images/open.png
45,18,open,2025-03-21 11:14:45,/static/images/open.png
46,9,open,2025-03-21 11:29:56,/static/images/open.png
47,33,open,2025-03-21 11:42:44,/static/images/open.png
48,2,open,2025-03-21 11:43:26,/static/images/open.png
49,35,open,2025-03-21 11:43:51,/static/images/open.png
50,10,open,2025-03-21 12:03:54,/static/images/open.png
51,9,open,2025-03-21 11:29:56,/static/images/open.png
52,33,open,2025-03-21 11:42:44,/static/images/open.png
53,2,open,2025-03-21 11:43:26,/static/images/open.png
54,35,open,2025-03-21 11:43:51,/static/images/open.png
55,18,open,2025-03-21 11:47:36,/static/images/open.png
56,10,open,2025-03-21 12:03:54,/static/images/open.png
57,14,open,2025-03-21 12:17:24,/static/images/open.png
58,1,sever_traffic_jam,2025-03-21 12:15:20,/static/images/traffic.png
59,36,open,2025-03-21 12:38:49,/static/images/open.png
60,3,open,2025-03-21 12:53:41,/static/images/open.png
61,29,open,2025-03-21 12:55:32,/static/images/open.png
62,24,open,2025-03-21 13:13:50,/static/images/open.png
63,11,open,2025-03-21 17:15:07,/static/images/open.png
64,1,closed,2025-03-22 19:36:14,/static/images/closed.png
65,17,sever_traffic_jam,2025-03-22 19:38:18,/static/images/traffic.png
66,2,sever_traffic_jam,2025-03-22 19:44:04,/static/images/traffic.png
67,21,sever_traffic_jam,2025-03-22 19:50:48,/static/images/traffic.png
68,9,sever_traffic_jam,2025-03-22 20:31:45,/static/images/traffic.png
69,23,open,2025-03-23 11:34:12,/static/images/open.png
70,1,open,2025-03-23 11:38:12,/static/images/open.png
71,2,open,2025-03-23 11:45:10,/static/images/open.png
72,21,open,2025-03-23 12:14:10,/static/images/open.png
73,22,sever_traffic_jam,2025-03-23 12:30:07,/static/images/traffic.png
74,14,sever_traffic_jam,2025-03-23 12:31:26,/static/images/traffic.png
75,6,open,2025-03-25 10:32:31,/static/images/open.png
76,14,open,2025-03-25 10:40:00,/static/images/open.png
77,18,closed,2025-03-25 12:05:36,/static/images/closed.png
78,5,sever_traffic_jam,2025-03-25 12:04:01,/static/images/traffic.png
79,33,sever_traffic_jam,2025-03-25 13:41:29,/static/images/traffic.png
80,19,open,2025-03-25 13:44:48,/static/images/open.png
81,21,closed,2025-03-25 13:54:49,/static/images/closed.png
82,3,sever_traffic_jam,2025-03-25 13:58:42,/static/images/traffic.png
83,5,open,2025-03-25 13:59:58,/static/images/open.png
84,22,open,2025-03-25 14:13:24,/static/images/open.png
85,15,open,2025-03-25 14:34:48,/static/images/open.png
86,18,open,2025-03-25 14:39:07,/static/images/open.png
87,3,open,2025-03-25 17:44:44,/static/images/open.png
88,14,sever_traffic_jam,2025-03-25 18:25:08,/static/images/traffic.png
89,9,open,2025-03-25 18:26:50,/static/images/open.png
90,21,open,2025-03-25 18:36:36,/static/images/open.png
91,23,closed,2025-03-25 19:12:34,/static/images/closed.png
92,11,closed,2025-03-25 19:16:53,/static/images/closed.png
93,17,open,2025-03-25 19:18:03,/static/images/open.png
94,36,closed,2025-03-25 19:37:27,/static/images/closed.png
95,14,open,2025-03-25 19:39:45,/static/images/open.png
96,31,closed,2025-03-25 19:45:48,/static/images/closed.png
97,31,open,2025-03-27 17:21:08,/static/images/open.png
98,31,sever_traffic_jam,2025-03-27 17:33:03,/static/images/traffic.png
99,31,open,2025-03-27 17:21:08,/static/images/open.png
100,31,open,2025-03-27 17:21:08,/static/images/open.png
101,31,open,2025-03-27 17:21:08,/static/images/open.png
102,14,closed,2025-03-27 18:10:42,/static/images/closed.png
103,13,sever_traffic_jam,2025-03-27 17:35:44,/static/images/traffic.png
104,23,closed,2025-03-27 17:38:11,/static/images/closed.png
105,1,open,2025-03-27 17:50:44,/static/images/open.png
106,2,open,2025-03-27 17:50:44,/static/images/open.png
107,5,open,2025-03-27 17:50:44,/static/images/open.png
108,6,open,2025-03-27 17:50:44,/static/images/open.png
109,7,open,2025-03-27 17:50:44,/static/images/open.png
110,8,open,2025-03-27 17:50:44,/static/images/open.png
111,9,open,2025-03-27 17:50:44,/static/images/open.png
112,10,open,2025-03-27 17:50:44,/static/images/open.png
113,11,open,2025-03-27 17:50:44,/static/images/open.png
114,12,open,2025-03-27 17:50:44,/static/images/open.png
115,13,open,2025-03-27 17:50:44,/static/images/open.png
116,14,open,2025-03-27 17:50:44,/static/images/open.png
117,15,open,2025-03-27 17:50:44,/static/images/open.png
118,17,open,2025-03-27 17:50:44,/static/images/open.png
119,18,open,2025-03-27 17:50:44,/static/images/open.png
120,19,open,2025-03-27 17:50:44,/static/images/open.png
121,20,open,2025-03-27 17:50:44,/static/images/open.png
122,21,open,2025-03-27 17:50:44,/static/images/open.png
123,22,open,2025-03-27 17:50:44,/static/images/open.png
124,23,open,2025-03-27 17:50:44,/static/images/open.png
125,24,open,2025-03-27 17:50:44,/static/images/open.png
126,26,open,2025-03-27 17:50:44,/static/images/open.png
127,27,open,2025-03-27 17:50:44,/static/images/open.png
128,29,open,2025-03-27 17:50:44,/static/images/open.png
129,30,open,2025-03-27 17:50:44,/static/images/open.png
130,31,open,2025-03-27 17:50:44,/static/images/open.png
131,32,open,2025-03-27 17:50:44,/static/images/open.png
132,33,open,2025-03-27 17:50:44,/static/images/open.png
133,34,open,2025-03-27 17:50:44,/static/images/open.png
134,35,open,2025-03-27 17:50:44,/static/images/open.png
135,36,open,2025-03-27 17:50:44,/static/images/open.png
136,37,open,2025-03-27 17:50:44,/static/images/open.png
137,31,sever_traffic_jam,2025-03-27 18:06:38,/static/images/traffic.png
138,1,open,2025-03-27 18:08:44,/static/images/open.png
139,2,open,2025-03-27 18:08:58,/static/images/open.png
140,17,open,2025-03-27 18:10:30,/static/images/open.png
141,14,closed,2025-03-27 18:10:42,/static/images/closed.png
142,31,closed,2025-03-27 18:14:55,/static/images/closed.png
143,22,closed,2025-03-27 18:15:16,/static/images/closed.png
144,2,open,2025-03-27 18:16:38,/static/images/open.png
145,21,open,2025-03-27 18:18:46,/static/images/open.png
146,5,open,2025-03-27 18:18:46,/static/images/open.png
147,1,open,2025-03-27 18:20:27,/static/images/open.png
148,9,sever_traffic_jam,2025-03-27 18:22:27,/static/images/traffic.png
149,23,closed,2025-03-27 18:24:56,/static/images/closed.png
150,18,open,2025-03-27 18:25:47,/static/images/open.png
151,7,open,2025-03-27 18:26:05,/static/images/open.png
152,15,open,2025-03-27 18:26:15,/static/images/open.png
153,27,open,2025-03-27 18:29:35,/static/images/open.png
154,1,open,2025-03-27 18:08:44,/static/images/open.png
155,2,open,2025-03-27 18:08:58,/static/images/open.png
156,17,open,2025-03-27 18:10:30,/static/images/open.png
157,14,closed,2025-03-27 18:10:42,/static/images/closed.png
158,31,closed,2025-03-27 18:14:55,/static/images/closed.png
159,22,closed,2025-03-27 18:15:16,/static/images/closed.png
160,2,open,2025-03-27 18:16:38,/static/images/open.png
161,21,open,2025-03-27 18:18:46,/static/images/open.png
162,5,open,2025-03-27 18:18:46,/static/images/open.png
163,1,open,2025-03-27 18:20:27,/static/images/open.png
164,9,sever_traffic_jam,2025-03-27 18:22:27,/static/images/traffic.png
165,23,closed,2025-03-27 18:24:56,/static/images/closed.png
166,18,open,2025-03-27 18:25:47,/static/images/open.png
167,7,open,2025-03-27 18:26:05,/static/images/open.png
168,15,open,2025-03-27 18:26:15,/static/images/open.png
169,27,open,2025-03-27 18:29:35,/static/images/open.png
170,16,open,2025-03-27 18:34:28,/static/images/open.png
171,14,closed,2025-03-27 18:37:00,/static/images/closed.png
172,3,closed,2025-03-27 18:41:38,/static/images/closed.png
173,20,open,2025-03-27 18:46:37,/static/images/open.png
174,8,sever_traffic_jam,2025-03-27 18:49:57,/static/images/traffic.png
175,8,sever_traffic_jam,2025-03-27 18:58:02,/static/images/traffic.png
176,31,closed,2025-03-27 18:14:55,/static/images/closed.png
177,22,closed,2025-03-27 18:15:16,/static/images/closed.png
178,2,open,2025-03-27 18:16:38,/static/images/open.png
179,21,open,2025-03-27 18:18:46,/static/images/open.png
180,5,open,2025-03-27 18:18:46,/static/images/open.png
181,1,open,2025-03-27 18:20:27,/static/images/open.png
182,9,sever_traffic_jam,2025-03-27 18:22:27,/static/images/traffic.png
183,23,closed,2025-03-27 18:24:56,/static/images/closed.png
184,18,open,2025-03-27 18:25:47,/static/images/open.png
185,7,open,2025-03-27 18:26:05,/static/images/open.png
186,15,open,2025-03-27 18:26:15,/static/images/open.png
187,27,open,2025-03-27 18:29:35,/static/images/open.png
188,16,open,2025-03-27 18:34:28,/static/images/open.png
189,14,closed,2025-03-27 18:37:00,/static/images/closed.png
190,3,closed,2025-03-27 18:41:38,/static/images/closed.png
191,20,open,2025-03-27 18:46:37,/static/images/open.png
192,8,sever_traffic_jam,2025-03-27 18:49:57,/static/images/traffic.png
193,8,sever_traffic_jam,2025-03-27 18:58:02,/static/images/traffic.png
194,11,closed,2025-03-27 19:07:13,/static/images/closed.png
195,2,open,2025-03-27 18:16:38,/static/images/open.png
196,21,open,2025-03-27 18:18:46,/static/images/open.png
197,5,open,2025-03-27 18:18:46,/static/images/open.png
198,1,open,2025-03-27 18:20:27,/static/images/open.png
199,9,sever_traffic_jam,2025-03-27 18:22:27,/static/images/traffic.png
200,23,closed,2025-03-27 18:24:56,/static/images/closed.png
201,18,open,2025-03-27 18:25:47,/static/images/open.png
202,7,open,2025-03-27 18:26:05,/static/images/open.png
203,15,open,2025-03-27 18:26:15,/static/images/open.png
204,27,open,2025-03-27 18:29:35,/static/images/open.png
205,16,open,2025-03-27 18:34:28,/static/images/open.png
206,14,closed,2025-03-27 18:37:00,/static/images/closed.png
207,3,closed,2025-03-27 18:41:38,/static/images/closed.png
208,20,open,2025-03-27 18:46:37,/static/images/open.png
209,8,sever_traffic_jam,2025-03-27 18:49:57,/static/images/traffic.png
210,8,sever_traffic_jam,2025-03-27 18:58:02,/static/images/traffic.png
211,11,closed,2025-03-27 19:07:13,/static/images/closed.png
212,23,closed,2025-03-27 18:24:56,/static/images/closed.png
213,18,open,2025-03-27 18:25:47,/static/images/open.png
214,7,open,2025-03-27 18:26:05,/static/images/open.png
215,15,open,2025-03-27 18:26:15,/static/images/open.png
216,27,open,2025-03-27 18:29:35,/static/images/open.png
217,16,open,2025-03-27 18:34:28,/static/images/open.png
218,14,closed,2025-03-27 18:37:00,/static/images/closed.png
219,3,closed,2025-03-27 18:41:38,/static/images/closed.png
220,20,open,2025-03-27 18:46:37,/static/images/open.png
221,8,sever_traffic_jam,2025-03-27 18:49:57,/static/images/traffic.png
222,8,sever_traffic_jam,2025-03-27 18:58:02,/static/images/traffic.png
223,11,closed,2025-03-27 19:07:13,/static/images/closed.png
224,20,open,2025-03-27 19:18:34,/static/images/open.png
225,11,closed,2025-03-27 19:07:13,/static/images/closed.png
226,20,open,2025-03-27 19:18:34,/static/images/open.png
227,18,open,2025-03-27 19:26:43,/static/images/open.png
228,3,open,2025-03-27 19:28:32,/static/images/open.png
229,24,open,2025-03-27 19:29:19,/static/images/open.png
230,23,open,2025-03-27 19:29:19,/static/images/open.png
231,2,open,2025-03-27 19:35:38,/static/images/open.png
232,1,open,2025-03-27 19:41:58,/static/images/open.png
233,7,open,2025-03-27 19:44:22,/static/images/open.png
234,13,open,2025-03-27 19:45:52,/static/images/open.png
235,1,closed,2025-03-27 19:52:07,/static/images/closed.png
236,18,open,2025-03-27 19:53:12,/static/images/open.png
237,9,sever_traffic_jam,2025-03-27 19:55:51,/static/images/traffic.png
238,11,open,2025-03-27 19:57:43,/static/images/open.png
239,31,open,2025-03-27 19:57:43,/static/images/open.png
240,8,closed,2025-03-27 19:59:58,/static/images/closed.png
241,9,sever_traffic_jam,2025-03-27 20:01:05,/static/images/traffic.png
242,8,closed,2025-03-27 20:01:47,/static/images/closed.png
243,18,open,2025-03-27 19:26:43,/static/images/open.png
244,3,open,2025-03-27 19:28:32,/static/images/open.png
245,24,open,2025-03-27 19:29:19,/static/images/open.png
246,23,open,2025-03-27 19:29:19,/static/images/open.png
247,2,open,2025-03-27 19:35:38,/static/images/open.png
248,1,open,2025-03-27 19:41:58,/static/images/open.png
249,7,open,2025-03-27 19:44:22,/static/images/open.png
250,13,open,2025-03-27 19:45:52,/static/images/open.png
251,1,closed,2025-03-27 19:52:07,/static/images/closed.png
252,18,open,2025-03-27 19:53:12,/static/images/open.png
253,9,sever_traffic_jam,2025-03-27 19:55:51,/static/images/traffic.png
254,11,open,2025-03-27 19:57:43,/static/images/open.png
255,31,open,2025-03-27 19:57:43,/static/images/open.png
256,8,closed,2025-03-27 19:59:58,/static/images/closed.png
257,9,sever_traffic_jam,2025-03-27 20:01:05,/static/images/traffic.png
258,8,closed,2025-03-27 20:01:47,/static/images/closed.png
259,2,open,2025-03-27 20:16:41,/static/images/open.png
260,8,open,2025-03-27 20:17:06,/static/images/open.png
261,3,open,2025-03-27 19:28:32,/static/images/open.png
262,24,open,2025-03-27 19:29:19,/static/images/open.png
263,23,open,2025-03-27 19:29:19,/static/images/open.png
264,2,open,2025-03-27 19:35:38,/static/images/open.png
265,1,open,2025-03-27 19:41:58,/static/images/open.png
266,7,open,2025-03-27 19:44:22,/static/images/open.png
267,13,open,2025-03-27 19:45:52,/static/images/open.png
268,1,closed,2025-03-27 19:52:07,/static/images/closed.png
269,18,open,2025-03-27 19:53:12,/static/images/open.png
270,9,sever_traffic_jam,2025-03-27 19:55:51,/static/images/traffic.png
271,11,open,2025-03-27 19:57:43,/static/images/open.png
272,31,open,2025-03-27 19:57:43,/static/images/open.png
273,8,closed,2025-03-27 19:59:58,/static/images/closed.png
274,9,sever_traffic_jam,2025-03-27 20:01:05,/static/images/traffic.png
275,8,closed,2025-03-27 20:01:47,/static/images/closed.png
276,2,open,2025-03-27 20:16:41,/static/images/open.png
277,8,open,2025-03-27 20:17:06,/static/images/open.png
278,2,open,2025-03-27 19:35:38,/static/images/open.png
279,1,open,2025-03-27 19:41:58,/static/images/open.png
280,7,open,2025-03-27 19:44:22,/static/images/open.png
281,13,open,2025-03-27 19:45:52,/static/images/open.png
282,1,closed,2025-03-27 19:52:07,/static/images/closed.png
283,18,open,2025-03-27 19:53:12,/static/images/open.png
284,9,sever_traffic_jam,2025-03-27 19:55:51,/static/images/traffic.png
285,11,open,2025-03-27 19:57:43,/static/images/open.png
286,31,open,2025-03-27 19:57:43,/static/images/open.png
287,8,closed,2025-03-27 19:59:58,/static/images/closed.png
288,9,sever_traffic_jam,2025-03-27 20:01:05,/static/images/traffic.png
289,8,closed,2025-03-27 20:01:47,/static/images/closed.png
290,2,open,2025-03-27 20:16:41,/static/images/open.png
291,8,open,2025-03-27 20:17:06,/static/images/open.png
292,31,open,2025-03-27 20:29:06,/static/images/open.png
293,7,open,2025-03-27 19:44:22,/static/images/open.png
294,13,open,2025-03-27 19:45:52,/static/images/open.png
295,1,closed,2025-03-27 19:52:07,/static/images/closed.png
296,18,open,2025-03-27 19:53:12,/static/images/open.png
297,9,sever_traffic_jam,2025-03-27 19:55:51,/static/images/traffic.png
298,11,open,2025-03-27 19:57:43,/static/images/open.png
299,31,open,2025-03-27 19:57:43,/static/images/open.png
300,8,closed,2025-03-27 19:59:58,/static/images/closed.png
301,9,sever_traffic_jam,2025-03-27 20:01:05,/static/images/traffic.png
302,8,closed,2025-03-27 20:01:47,/static/images/closed.png
303,2,open,2025-03-27 20:16:41,/static/images/open.png
304,8,open,2025-03-27 20:17:06,/static/images/open.png
305,31,open,2025-03-27 20:29:06,/static/images/open.png
306,8,closed,2025-03-27 20:34:42,/static/images/closed.png
307,3,sever_traffic_jam,2025-03-27 20:35:08,/static/images/traffic.png
308,24,open,2025-03-27 20:35:23,/static/images/open.png
309,7,closed,2025-03-27 20:36:03,/static/images/closed.png
310,13,open,2025-03-27 19:45:52,/static/images/open.png
311,1,closed,2025-03-27 19:52:07,/static/images/closed.png
312,18,open,2025-03-27 19:53:12,/static/images/open.png
313,9,sever_traffic_jam,2025-03-27 19:55:51,/static/images/traffic.png
314,11,open,2025-03-27 19:57:43,/static/images/open.png
315,31,open,2025-03-27 19:57:43,/static/images/open.png
316,8,closed,2025-03-27 19:59:58,/static/images/closed.png
317,9,sever_traffic_jam,2025-03-27 20:01:05,/static/images/traffic.png
318,8,closed,2025-03-27 20:01:47,/static/images/closed.png
319,2,open,2025-03-27 20:16:41,/static/images/open.png
320,8,open,2025-03-27 20:17:06,/static/images/open.png
321,31,open,2025-03-27 20:29:06,/static/images/open.png
322,8,closed,2025-03-27 20:34:42,/static/images/closed.png
323,3,sever_traffic_jam,2025-03-27 20:35:08,/static/images/traffic.png
324,24,open,2025-03-27 20:35:23,/static/images/open.png
325,7,closed,2025-03-27 20:36:03,/static/images/closed.png
326,20,open,2025-03-27 20:43:43,/static/images/open.png
327,1,closed,2025-03-27 19:52:07,/static/images/closed.png
328,18,open,2025-03-27 19:53:12,/static/images/open.png
329,9,sever_traffic_jam,2025-03-27 19:55:51,/static/images/traffic.png
330,11,open,2025-03-27 19:57:43,/static/images/open.png
331,31,open,2025-03-27 19:57:43,/static/images/open.png
332,8,closed,2025-03-27 19:59:58,/static/images/closed.png
333,9,sever_traffic_jam,2025-03-27 20:01:05,/static/images/traffic.png
334,8,closed,2025-03-27 20:01:47,/static/images/closed.png
335,2,open,2025-03-27 20:16:41,/static/images/open.png
336,8,open,2025-03-27 20:17:06,/static/images/open.png
337,31,open,2025-03-27 20:29:06,/static/images/open.png
338,8,closed,2025-03-27 20:34:42,/static/images/closed.png
339,3,sever_traffic_jam,2025-03-27 20:35:08,/static/images/traffic.png
340,24,open,2025-03-27 20:35:23,/static/images/open.png
341,7,closed,2025-03-27 20:36:03,/static/images/closed.png
342,20,open,2025-03-27 20:43:43,/static/images/open.png
343,1,closed,2025-03-27 19:52:07,/static/images/closed.png
344,18,open,2025-03-27 19:53:12,/static/images/open.png
345,9,sever_traffic_jam,2025-03-27 19:55:51,/static/images/traffic.png
346,11,open,2025-03-27 19:57:43,/static/images/open.png
347,31,open,2025-03-27 19:57:43,/static/images/open.png
348,8,closed,2025-03-27 19:59:58,/static/images/closed.png
349,9,sever_traffic_jam,2025-03-27 20:01:05,/static/images/traffic.png
350,8,closed,2025-03-27 20:01:47,/static/images/closed.png
351,2,open,2025-03-27 20:16:41,/static/images/open.png
352,8,open,2025-03-27 20:17:06,/static/images/open.png
353,31,open,2025-03-27 20:29:06,/static/images/open.png
354,8,closed,2025-03-27 20:34:42,/static/images/closed.png
355,3,sever_traffic_jam,2025-03-27 20:35:08,/static/images/traffic.png
356,24,open,2025-03-27 20:35:23,/static/images/open.png
357,7,closed,2025-03-27 20:36:03,/static/images/closed.png
358,20,open,2025-03-27 20:43:43,/static/images/open.png
359,1,closed,2025-03-27 19:52:07,/static/images/closed.png
360,18,open,2025-03-27 19:53:12,/static/images/open.png
361,9,sever_traffic_jam,2025-03-27 19:55:51,/static/images/traffic.png
362,11,open,2025-03-27 19:57:43,/static/images/open.png
363,31,open,2025-03-27 19:57:43,/static/images/open.png
364,8,closed,2025-03-27 19:59:58,/static/images/closed.png
365,9,sever_traffic_jam,2025-03-27 20:01:05,/static/images/traffic.png
366,8,closed,2025-03-27 20:01:47,/static/images/closed.png
367,2,open,2025-03-27 20:16:41,/static/images/open.png
368,8,open,2025-03-27 20:17:06,/static/images/open.png
369,31,open,2025-03-27 20:29:06,/static/images/open.png
370,8,closed,2025-03-27 20:34:42,/static/images/closed.png
371,3,sever_traffic_jam,2025-03-27 20:35:08,/static/images/traffic.png
372,24,open,2025-03-27 20:35:23,/static/images/open.png
373,7,closed,2025-03-27 20:36:03,/static/images/closed.png
374,20,open,2025-03-27 20:43:43,/static/images/open.png
375,31,sever_traffic_jam,2025-03-28 13:32:27,/static/images/traffic.png
376,11,open,2025-03-28 13:34:56,/static/images/open.png
377,1,open,2025-03-28 13:48:14,/static/images/open.png
378,7,closed,2025-03-28 13:51:26,/static/images/closed.png
379,31,closed,2025-03-28 14:00:14,/static/images/closed.png
380,21,open,2025-03-28 14:00:39,/static/images/open.png
381,5,open,2025-03-28 14:00:39,/static/images/open.png
382,3,open,2025-03-28 14:00:50,/static/images/open.png
383,31,closed,2025-03-28 14:01:29,/static/images/closed.png
384,1,open,2025-03-28 14:01:59,/static/images/open.png
385,21,closed,2025-03-28 14:07:28,/static/images/closed.png
386,9,open,2025-03-28 14:22:02,/static/images/open.png
387,31,sever_traffic_jam,2025-03-28 13:32:27,/static/images/traffic.png
388,11,open,2025-03-28 13:34:56,/static/images/open.png
389,1,open,2025-03-28 13:48:14,/static/images/open.png
390,7,closed,2025-03-28 13:51:26,/static/images/closed.png
391,31,closed,2025-03-28 14:00:14,/static/images/closed.png
392,21,open,2025-03-28 14:00:39,/static/images/open.png
393,5,open,2025-03-28 14:00:39,/static/images/open.png
394,3,open,2025-03-28 14:00:50,/static/images/open.png
395,31,closed,2025-03-28 14:01:29,/static/images/closed.png
396,1,open,2025-03-28 14:01:59,/static/images/open.png
397,21,closed,2025-03-28 14:07:28,/static/images/closed.png
398,9,open,2025-03-28 14:22:02,/static/images/open.png
399,23,open,2025-03-28 17:45:34,/static/images/open.png
400,6,sever_traffic_jam,2025-03-28 17:47:03,/static/images/traffic.png
401,7,closed,2025-03-28 17:51:22,/static/images/closed.png
402,7,closed,2025-03-28 17:53:22,/static/images/closed.png
403,3,open,2025-03-28 18:06:52,/static/images/open.png
404,9,closed,2025-03-28 18:07:36,/static/images/closed.png
405,23,closed,2025-03-28 18:10:12,/static/images/closed.png
406,12,open,2025-03-28 18:11:04,/static/images/open.png
407,14,open,2025-03-28 18:20:18,/static/images/open.png
408,18,open,2025-03-28 18:27:12,/static/images/open.png
409,14,sever_traffic_jam,2025-03-28 18:34:56,/static/images/traffic.png
410,23,open,2025-03-28 17:45:34,/static/images/open.png
411,6,sever_traffic_jam,2025-03-28 17:47:03,/static/images/traffic.png
412,7,closed,2025-03-28 17:51:22,/static/images/closed.png
413,7,closed,2025-03-28 17:53:22,/static/images/closed.png
414,3,open,2025-03-28 18:06:52,/static/images/open.png
415,9,closed,2025-03-28 18:07:36,/static/images/closed.png
416,23,closed,2025-03-28 18:10:12,/static/images/closed.png
417,12,open,2025-03-28 18:11:04,/static/images/open.png
418,14,open,2025-03-28 18:20:18,/static/images/open.png
419,18,open,2025-03-28 18:27:12,/static/images/open.png
420,14,sever_traffic_jam,2025-03-28 18:34:56,/static/images/traffic.png
421,6,sever_traffic_jam,2025-03-28 17:47:03,/static/images/traffic.png
422,7,closed,2025-03-28 17:51:22,/static/images/closed.png
423,7,closed,2025-03-28 17:53:22,/static/images/closed.png
424,3,open,2025-03-28 18:06:52,/static/images/open.png
425,9,closed,2025-03-28 18:07:36,/static/images/closed.png
426,23,closed,2025-03-28 18:10:12,/static/images/closed.png
427,12,open,2025-03-28 18:11:04,/static/images/open.png
428,14,open,2025-03-28 18:20:18,/static/images/open.png
429,18,open,2025-03-28 18:27:12,/static/images/open.png
430,14,sever_traffic_jam,2025-03-28 18:34:56,/static/images/traffic.png
431,24,open,2025-03-28 18:43:17,/static/images/open.png
432,1,closed,2025-03-28 18:45:42,/static/images/closed.png
433,3,open,2025-03-28 18:06:52,/static/images/open.png
434,9,closed,2025-03-28 18:07:36,/static/images/closed.png
435,23,closed,2025-03-28 18:10:12,/static/images/closed.png
436,12,open,2025-03-28 18:11:04,/static/images/open.png
437,14,open,2025-03-28 18:20:18,/static/images/open.png
438,18,open,2025-03-28 18:27:12,/static/images/open.png
439,14,sever_traffic_jam,2025-03-28 18:34:56,/static/images/traffic.png
440,24,open,2025-03-28 18:43:17,/static/images/open.png
441,1,closed,2025-03-28 18:45:42,/static/images/closed.png
442,3,closed,2025-03-28 18:54:04,/static/images/closed.png
443,3,open,2025-03-28 18:06:52,/static/images/open.png
444,9,closed,2025-03-28 18:07:36,/static/images/closed.png
445,23,closed,2025-03-28 18:10:12,/static/images/closed.png
446,12,open,2025-03-28 18:11:04,/static/images/open.png
447,14,open,2025-03-28 18:20:18,/static/images/open.png
448,18,open,2025-03-28 18:27:12,/static/images/open.png
449,14,sever_traffic_jam,2025-03-28 18:34:56,/static/images/traffic.png
450,24,open,2025-03-28 18:43:17,/static/images/open.png
451,1,closed,2025-03-28 18:45:42,/static/images/closed.png
452,3,closed,2025-03-28 18:54:04,/static/images/closed.png
453,14,open,2025-03-28 18:55:23,/static/images/open.png
454,3,open,2025-03-28 18:06:52,/static/images/open.png
455,9,closed,2025-03-28 18:07:36,/static/images/closed.png
456,23,closed,2025-03-28 18:10:12,/static/images/closed.png
457,12,open,2025-03-28 18:11:04,/static/images/open.png
458,14,open,2025-03-28 18:20:18,/static/images/open.png
459,18,open,2025-03-28 18:27:12,/static/images/open.png
460,14,sever_traffic_jam,2025-03-28 18:34:56,/static/images/traffic.png
461,24,open,2025-03-28 18:43:17,/static/images/open.png
462,1,closed,2025-03-28 18:45:42,/static/images/closed.png
463,3,closed,2025-03-28 18:54:04,/static/images/closed.png
464,14,open,2025-03-28 18:55:23,/static/images/open.png
465,12,open,2025-03-28 19:00:13,/static/images/open.png
466,1,closed,2025-03-28 19:00:23,/static/images/closed.png
467,7,open,2025-03-28 19:01:01,/static/images/open.png
468,3,open,2025-03-28 18:06:52,/static/images/open.png
469,9,closed,2025-03-28 18:07:36,/static/images/closed.png
470,23,closed,2025-03-28 18:10:12,/static/images/closed.png
471,12,open,2025-03-28 18:11:04,/static/images/open.png
472,14,open,2025-03-28 18:20:18,/static/images/open.png
473,18,open,2025-03-28 18:27:12,/static/images/open.png
474,14,sever_traffic_jam,2025-03-28 18:34:56,/static/images/traffic.png
475,24,open,2025-03-28 18:43:17,/static/images/open.png
476,1,closed,2025-03-28 18:45:42,/static/images/closed.png
477,3,closed,2025-03-28 18:54:04,/static/images/closed.png
478,14,open,2025-03-28 18:55:23,/static/images/open.png
479,12,open,2025-03-28 19:00:13,/static/images/open.png
480,1,closed,2025-03-28 19:00:23,/static/images/closed.png
481,7,open,2025-03-28 19:01:01,/static/images/open.png
482,14,open,2025-03-28 18:20:18,/static/images/open.png
483,18,open,2025-03-28 18:27:12,/static/images/open.png
484,14,sever_traffic_jam,2025-03-28 18:34:56,/static/images/traffic.png
485,24,open,2025-03-28 18:43:17,/static/images/open.png
486,1,closed,2025-03-28 18:45:42,/static/images/closed.png
487,3,closed,2025-03-28 18:54:04,/static/images/closed.png
488,14,open,2025-03-28 18:55:23,/static/images/open.png
489,12,open,2025-03-28 19:00:13,/static/images/open.png
490,1,closed,2025-03-28 19:00:23,/static/images/closed.png
491,7,open,2025-03-28 19:01:01,/static/images/open.png
492,11,open,2025-03-28 19:10:18,/static/images/open.png
493,14,open,2025-03-28 18:20:18,/static/images/open.png
494,18,open,2025-03-28 18:27:12,/static/images/open.png
495,14,sever_traffic_jam,2025-03-28 18:34:56,/static/images/traffic.png
496,24,open,2025-03-28 18:43:17,/static/images/open.png
497,1,closed,2025-03-28 18:45:42,/static/images/closed.png
498,3,closed,2025-03-28 18:54:04,/static/images/closed.png
499,14,open,2025-03-28 18:55:23,/static/images/open.png
500,12,open,2025-03-28 19:00:13,/static/images/open.png
501,1,closed,2025-03-28 19:00:23,/static/images/closed.png
502,7,open,2025-03-28 19:01:01,/static/images/open.png
503,11,open,2025-03-28 19:10:18,/static/images/open.png
504,14,open,2025-03-28 18:20:18,/static/images/open.png
505,18,open,2025-03-28 18:27:12,/static/images/open.png
506,14,sever_traffic_jam,2025-03-28 18:34:56,/static/images/traffic.png
507,24,open,2025-03-28 18:43:17,/static/images/open.png
508,1,closed,2025-03-28 18:45:42,/static/images/closed.png
509,3,closed,2025-03-28 18:54:04,/static/images/closed.png
510,14,open,2025-03-28 18:55:23,/static/images/open.png
511,12,open,2025-03-28 19:00:13,/static/images/open.png
512,1,closed,2025-03-28 19:00:23,/static/images/closed.png
513,7,open,2025-03-28 19:01:01,/static/images/open.png
514,11,open,2025-03-28 19:10:18,/static/images/open.png
515,13,open,2025-03-28 19:12:40,/static/images/open.png
516,14,open,2025-03-28 18:20:18,/static/images/open.png
517,18,open,2025-03-28 18:27:12,/static/images/open.png
518,14,sever_traffic_jam,2025-03-28 18:34:56,/static/images/traffic.png
519,24,open,2025-03-28 18:43:17,/static/images/open.png
520,1,closed,2025-03-28 18:45:42,/static/images/closed.png
521,3,closed,2025-03-28 18:54:04,/static/images/closed.png
522,14,open,2025-03-28 18:55:23,/static/images/open.png
523,12,open,2025-03-28 19:00:13,/static/images/open.png
524,1,closed,2025-03-28 19:00:23,/static/images/closed.png
525,7,open,2025-03-28 19:01:01,/static/images/open.png
526,11,open,2025-03-28 19:10:18,/static/images/open.png
527,13,open,2025-03-28 19:12:40,/static/images/open.png
528,9,closed,2025-03-28 19:13:46,/static/images/closed.png
529,18,open,2025-03-28 18:27:12,/static/images/open.png
530,14,sever_traffic_jam,2025-03-28 18:34:56,/static/images/traffic.png
531,24,open,2025-03-28 18:43:17,/static/images/open.png
532,1,closed,2025-03-28 18:45:42,/static/images/closed.png
533,3,closed,2025-03-28 18:54:04,/static/images/closed.png
534,14,open,2025-03-28 18:55:23,/static/images/open.png
535,12,open,2025-03-28 19:00:13,/static/images/open.png
536,1,closed,2025-03-28 19:00:23,/static/images/closed.png
537,7,open,2025-03-28 19:01:01,/static/images/open.png
538,11,open,2025-03-28 19:10:18,/static/images/open.png
539,13,open,2025-03-28 19:12:40,/static/images/open.png
540,9,closed,2025-03-28 19:13:46,/static/images/closed.png
541,2,open,2025-03-28 19:21:32,/static/images/open.png
542,14,sever_traffic_jam,2025-03-28 18:34:56,/static/images/traffic.png
543,24,open,2025-03-28 18:43:17,/static/images/open.png
544,1,closed,2025-03-28 18:45:42,/static/images/closed.png
545,3,closed,2025-03-28 18:54:04,/static/images/closed.png
546,14,open,2025-03-28 18:55:23,/static/images/open.png
547,12,open,2025-03-28 19:00:13,/static/images/open.png
548,1,closed,2025-03-28 19:00:23,/static/images/closed.png
549,7,open,2025-03-28 19:01:01,/static/images/open.png
550,11,open,2025-03-28 19:10:18,/static/images/open.png
551,13,open,2025-03-28 19:12:40,/static/images/open.png
552,9,closed,2025-03-28 19:13:46,/static/images/closed.png
553,2,open,2025-03-28 19:21:32,/static/images/open.png
554,14,sever_traffic_jam,2025-03-28 18:34:56,/static/images/traffic.png
555,24,open,2025-03-28 18:43:17,/static/images/open.png
556,1,closed,2025-03-28 18:45:42,/static/images/closed.png
557,3,closed,2025-03-28 18:54:04,/static/images/closed.png
558,14,open,2025-03-28 18:55:23,/static/images/open.png
559,12,open,2025-03-28 19:00:13,/static/images/open.png
560,1,closed,2025-03-28 19:00:23,/static/images/closed.png
561,7,open,2025-03-28 19:01:01,/static/images/open.png
562,11,open,2025-03-28 19:10:18,/static/images/open.png
563,13,open,2025-03-28 19:12:40,/static/images/open.png
564,9,closed,2025-03-28 19:13:46,/static/images/closed.png
565,2,open,2025-03-28 19:21:32,/static/images/open.png
566,24,open,2025-03-28 18:43:17,/static/images/open.png
567,1,closed,2025-03-28 18:45:42,/static/images/closed.png
568,3,closed,2025-03-28 18:54:04,/static/images/closed.png
569,14,open,2025-03-28 18:55:23,/static/images/open.png
570,12,open,2025-03-28 19:00:13,/static/images/open.png
571,1,closed,2025-03-28 19:00:23,/static/images/closed.png
572,7,open,2025-03-28 19:01:01,/static/images/open.png
573,11,open,2025-03-28 19:10:18,/static/images/open.png
574,13,open,2025-03-28 19:12:40,/static/images/open.png
575,9,closed,2025-03-28 19:13:46,/static/images/closed.png
576,2,open,2025-03-28 19:21:32,/static/images/open.png
577,7,closed,2025-03-28 19:32:17,/static/images/closed.png
578,24,open,2025-03-28 18:43:17,/static/images/open.png
579,1,closed,2025-03-28 18:45:42,/static/images/closed.png
580,3,closed,2025-03-28 18:54:04,/static/images/closed.png
581,14,open,2025-03-28 18:55:23,/static/images/open.png
582,12,open,2025-03-28 19:00:13,/static/images/open.png
583,1,closed,2025-03-28 19:00:23,/static/images/closed.png
584,7,open,2025-03-28 19:01:01,/static/images/open.png
585,11,open,2025-03-28 19:10:18,/static/images/open.png
586,13,open,2025-03-28 19:12:40,/static/images/open.png
587,9,closed,2025-03-28 19:13:46,/static/images/closed.png
588,2,open,2025-03-28 19:21:32,/static/images/open.png
589,7,closed,2025-03-28 19:32:17,/static/images/closed.png
590,7,closed,2025-03-28 19:40:35,/static/images/closed.png
591,24,open,2025-03-28 18:43:17,/static/images/open.png
592,1,closed,2025-03-28 18:45:42,/static/images/closed.png
593,3,closed,2025-03-28 18:54:04,/static/images/closed.png
594,14,open,2025-03-28 18:55:23,/static/images/open.png
595,12,open,2025-03-28 19:00:13,/static/images/open.png
596,1,closed,2025-03-28 19:00:23,/static/images/closed.png
597,7,open,2025-03-28 19:01:01,/static/images/open.png
598,11,open,2025-03-28 19:10:18,/static/images/open.png
599,13,open,2025-03-28 19:12:40,/static/images/open.png
600,9,closed,2025-03-28 19:13:46,/static/images/closed.png
601,2,open,2025-03-28 19:21:32,/static/images/open.png
602,7,closed,2025-03-28 19:32:17,/static/images/closed.png
603,7,closed,2025-03-28 19:40:35,/static/images/closed.png
604,7,sever_traffic_jam,2025-03-28 19:40:41,/static/images/traffic.png
605,3,closed,2025-03-28 18:54:04,/static/images/closed.png
606,14,open,2025-03-28 18:55:23,/static/images/open.png
607,12,open,2025-03-28 19:00:13,/static/images/open.png
608,1,closed,2025-03-28 19:00:23,/static/images/closed.png
609,7,open,2025-03-28 19:01:01,/static/images/open.png
610,11,open,2025-03-28 19:10:18,/static/images/open.png
611,13,open,2025-03-28 19:12:40,/static/images/open.png
612,9,closed,2025-03-28 19:13:46,/static/images/closed.png
613,2,open,2025-03-28 19:21:32,/static/images/open.png
614,7,closed,2025-03-28 19:32:17,/static/images/closed.png
615,7,closed,2025-03-28 19:40:35,/static/images/closed.png
616,7,sever_traffic_jam,2025-03-28 19:40:41,/static/images/traffic.png
617,2,closed,2025-03-28 19:42:41,/static/images/closed.png
618,25,closed,2025-03-28 19:44:09,/static/images/closed.png
619,23,closed,2025-03-28 19:44:09,/static/images/closed.png
620,3,closed,2025-03-28 18:54:04,/static/images/closed.png
621,14,open,2025-03-28 18:55:23,/static/images/open.png
622,12,open,2025-03-28 19:00:13,/static/images/open.png
623,1,closed,2025-03-28 19:00:23,/static/images/closed.png
624,7,open,2025-03-28 19:01:01,/static/images/open.png
625,11,open,2025-03-28 19:10:18,/static/images/open.png
626,13,open,2025-03-28 19:12:40,/static/images/open.png
627,9,closed,2025-03-28 19:13:46,/static/images/closed.png
628,2,open,2025-03-28 19:21:32,/static/images/open.png
629,7,closed,2025-03-28 19:32:17,/static/images/closed.png
630,7,closed,2025-03-28 19:40:35,/static/images/closed.png
631,7,sever_traffic_jam,2025-03-28 19:40:41,/static/images/traffic.png
632,2,closed,2025-03-28 19:42:41,/static/images/closed.png
633,25,closed,2025-03-28 19:44:09,/static/images/closed.png
634,23,closed,2025-03-28 19:44:09,/static/images/closed.png
635,7,open,2025-03-28 19:49:48,/static/images/open.png
636,11,open,2025-03-28 19:51:05,/static/images/open.png
637,3,closed,2025-03-28 18:54:04,/static/images/closed.png
638,14,open,2025-03-28 18:55:23,/static/images/open.png
639,12,open,2025-03-28 19:00:13,/static/images/open.png
640,1,closed,2025-03-28 19:00:23,/static/images/closed.png
641,7,open,2025-03-28 19:01:01,/static/images/open.png
642,11,open,2025-03-28 19:10:18,/static/images/open.png
643,13,open,2025-03-28 19:12:40,/static/images/open.png
644,9,closed,2025-03-28 19:13:46,/static/images/closed.png
645,2,open,2025-03-28 19:21:32,/static/images/open.png
646,7,closed,2025-03-28 19:32:17,/static/images/closed.png
647,7,closed,2025-03-28 19:40:35,/static/images/closed.png
648,7,sever_traffic_jam,2025-03-28 19:40:41,/static/images/traffic.png
649,2,closed,2025-03-28 19:42:41,/static/images/closed.png
650,25,closed,2025-03-28 19:44:09,/static/images/closed.png
651,23,closed,2025-03-28 19:44:09,/static/images/closed.png
652,7,open,2025-03-28 19:49:48,/static/images/open.png
653,11,open,2025-03-28 19:51:05,/static/images/open.png
654,3,closed,2025-03-28 18:54:04,/static/images/closed.png
655,14,open,2025-03-28 18:55:23,/static/images/open.png
656,12,open,2025-03-28 19:00:13,/static/images/open.png
657,1,closed,2025-03-28 19:00:23,/static/images/closed.png
658,7,open,2025-03-28 19:01:01,/static/images/open.png
659,11,open,2025-03-28 19:10:18,/static/images/open.png
660,13,open,2025-03-28 19:12:40,/static/images/open.png
661,9,closed,2025-03-28 19:13:46,/static/images/closed.png
662,2,open,2025-03-28 19:21:32,/static/images/open.png
663,7,closed,2025-03-28 19:32:17,/static/images/closed.png
664,7,closed,2025-03-28 19:40:35,/static/images/closed.png
665,7,sever_traffic_jam,2025-03-28 19:40:41,/static/images/traffic.png
666,2,closed,2025-03-28 19:42:41,/static/images/closed.png
667,25,closed,2025-03-28 19:44:09,/static/images/closed.png
668,23,closed,2025-03-28 19:44:09,/static/images/closed.png
669,7,open,2025-03-28 19:49:48,/static/images/open.png
670,11,open,2025-03-28 19:51:05,/static/images/open.png
671,3,closed,2025-03-28 18:54:04,/static/images/closed.png
672,14,open,2025-03-28 18:55:23,/static/images/open.png
673,12,open,2025-03-28 19:00:13,/static/images/open.png
674,1,closed,2025-03-28 19:00:23,/static/images/closed.png
675,7,open,2025-03-28 19:01:01,/static/images/open.png
676,11,open,2025-03-28 19:10:18,/static/images/open.png
677,13,open,2025-03-28 19:12:40,/static/images/open.png
678,9,closed,2025-03-28 19:13:46,/static/images/closed.png
679,2,open,2025-03-28 19:21:32,/static/images/open.png
680,7,closed,2025-03-28 19:32:17,/static/images/closed.png
681,7,closed,2025-03-28 19:40:35,/static/images/closed.png
682,7,sever_traffic_jam,2025-03-28 19:40:41,/static/images/traffic.png
683,2,closed,2025-03-28 19:42:41,/static/images/closed.png
684,25,closed,2025-03-28 19:44:09,/static/images/closed.png
685,23,closed,2025-03-28 19:44:09,/static/images/closed.png
686,7,open,2025-03-28 19:49:48,/static/images/open.png
687,11,open,2025-03-28 19:51:05,/static/images/open.png
688,12,open,2025-03-28 19:00:13,/static/images/open.png
689,1,closed,2025-03-28 19:00:23,/static/images/closed.png
690,7,open,2025-03-28 19:01:01,/static/images/open.png
691,11,open,2025-03-28 19:10:18,/static/images/open.png
692,13,open,2025-03-28 19:12:40,/static/images/open.png
693,9,closed,2025-03-28 19:13:46,/static/images/closed.png
694,2,open,2025-03-28 19:21:32,/static/images/open.png
695,7,closed,2025-03-28 19:32:17,/static/images/closed.png
696,7,closed,2025-03-28 19:40:35,/static/images/closed.png
697,7,sever_traffic_jam,2025-03-28 19:40:41,/static/images/traffic.png
698,2,closed,2025-03-28 19:42:41,/static/images/closed.png
699,25,closed,2025-03-28 19:44:09,/static/images/closed.png
700,23,closed,2025-03-28 19:44:09,/static/images/closed.png
701,7,open,2025-03-28 19:49:48,/static/images/open.png
702,11,open,2025-03-28 19:51:05,/static/images/open.png
703,24,closed,2025-03-28 19:56:29,/static/images/closed.png
704,26,closed,2025-03-28 19:56:29,/static/images/closed.png
705,23,closed,2025-03-28 19:56:29,/static/images/closed.png
706,11,open,2025-03-28 19:10:18,/static/images/open.png
707,13,open,2025-03-28 19:12:40,/static/images/open.png
708,9,closed,2025-03-28 19:13:46,/static/images/closed.png
709,2,open,2025-03-28 19:21:32,/static/images/open.png
710,7,closed,2025-03-28 19:32:17,/static/images/closed.png
711,7,closed,2025-03-28 19:40:35,/static/images/closed.png
712,7,sever_traffic_jam,2025-03-28 19:40:41,/static/images/traffic.png
713,2,closed,2025-03-28 19:42:41,/static/images/closed.png
714,25,closed,2025-03-28 19:44:09,/static/images/closed.png
715,23,closed,2025-03-28 19:44:09,/static/images/closed.png
716,7,open,2025-03-28 19:49:48,/static/images/open.png
717,11,open,2025-03-28 19:51:05,/static/images/open.png
718,2,sever_traffic_jam,2025-03-28 19:59:34,/static/images/traffic.png
719,24,open,2025-03-28 20:00:49,/static/images/open.png
720,26,open,2025-03-28 20:00:49,/static/images/open.png
721,23,open,2025-03-28 20:00:49,/static/images/open.png
722,2,closed,2025-03-28 20:01:54,/static/images/closed.png
723,7,open,2025-03-28 20:02:57,/static/images/open.png
724,11,open,2025-03-28 20:03:11,/static/images/open.png
725,9,closed,2025-03-28 19:13:46,/static/images/closed.png
726,2,open,2025-03-28 19:21:32,/static/images/open.png
727,7,closed,2025-03-28 19:32:17,/static/images/closed.png
728,7,closed,2025-03-28 19:40:35,/static/images/closed.png
729,7,sever_traffic_jam,2025-03-28 19:40:41,/static/images/traffic.png
730,2,closed,2025-03-28 19:42:41,/static/images/closed.png
731,25,closed,2025-03-28 19:44:09,/static/images/closed.png
732,23,closed,2025-03-28 19:44:09,/static/images/closed.png
733,7,open,2025-03-28 19:49:48,/static/images/open.png
734,11,open,2025-03-28 19:51:05,/static/images/open.png
735,2,sever_traffic_jam,2025-03-28 19:59:34,/static/images/traffic.png
736,24,open,2025-03-28 20:00:49,/static/images/open.png
737,26,open,2025-03-28 20:00:49,/static/images/open.png
738,23,open,2025-03-28 20:00:49,/static/images/open.png
739,2,closed,2025-03-28 20:01:54,/static/images/closed.png
740,7,open,2025-03-28 20:02:57,/static/images/open.png
741,11,open,2025-03-28 20:03:11,/static/images/open.png
742,14,open,2025-03-28 20:09:21,/static/images/open.png
743,22,closed,2025-03-28 20:10:14,/static/images/closed.png
744,2,open,2025-03-28 19:21:32,/static/images/open.png
745,7,closed,2025-03-28 19:32:17,/static/images/closed.png
746,7,closed,2025-03-28 19:40:35,/static/images/closed.png
747,7,sever_traffic_jam,2025-03-28 19:40:41,/static/images/traffic.png
748,2,closed,2025-03-28 19:42:41,/static/images/closed.png
749,25,closed,2025-03-28 19:44:09,/static/images/closed.png
750,23,closed,2025-03-28 19:44:09,/static/images/closed.png
751,7,open,2025-03-28 19:49:48,/static/images/open.png
752,11,open,2025-03-28 19:51:05,/static/images/open.png
753,2,sever_traffic_jam,2025-03-28 19:59:34,/static/images/traffic.png
754,24,open,2025-03-28 20:00:49,/static/images/open.png
755,26,open,2025-03-28 20:00:49,/static/images/open.png
756,23,open,2025-03-28 20:00:49,/static/images/open.png
757,2,closed,2025-03-28 20:01:54,/static/images/closed.png
758,7,open,2025-03-28 20:02:57,/static/images/open.png
759,11,open,2025-03-28 20:03:11,/static/images/open.png
760,14,open,2025-03-28 20:09:21,/static/images/open.png
761,22,closed,2025-03-28 20:10:14,/static/images/closed.png
762,7,open,2025-03-28 20:15:04,/static/images/open.png
763,2,open,2025-03-28 19:21:32,/static/images/open.png
764,7,closed,2025-03-28 19:32:17,/static/images/closed.png
765,7,closed,2025-03-28 19:40:35,/static/images/closed.png
766,7,sever_traffic_jam,2025-03-28 19:40:41,/static/images/traffic.png
767,2,closed,2025-03-28 19:42:41,/static/images/closed.png
768,25,closed,2025-03-28 19:44:09,/static/images/closed.png
769,23,closed,2025-03-28 19:44:09,/static/images/closed.png
770,7,open,2025-03-28 19:49:48,/static/images/open.png
771,11,open,2025-03-28 19:51:05,/static/images/open.png
772,2,sever_traffic_jam,2025-03-28 19:59:34,/static/images/traffic.png
773,24,open,2025-03-28 20:00:49,/static/images/open.png
774,26,open,2025-03-28 20:00:49,/static/images/open.png
775,23,open,2025-03-28 20:00:49,/static/images/open.png
776,2,closed,2025-03-28 20:01:54,/static/images/closed.png
777,7,open,2025-03-28 20:02:57,/static/images/open.png
778,11,open,2025-03-28 20:03:11,/static/images/open.png
779,14,open,2025-03-28 20:09:21,/static/images/open.png
780,22,closed,2025-03-28 20:10:14,/static/images/closed.png
781,9,open,2025-03-28 20:15:41,/static/images/open.png
782,2,open,2025-03-28 20:15:41,/static/images/open.png
783,7,open,2025-03-28 20:15:41,/static/images/open.png
784,2,open,2025-03-28 19:21:32,/static/images/open.png
785,7,closed,2025-03-28 19:32:17,/static/images/closed.png
786,7,closed,2025-03-28 19:40:35,/static/images/closed.png
787,7,sever_traffic_jam,2025-03-28 19:40:41,/static/images/traffic.png
788,2,closed,2025-03-28 19:42:41,/static/images/closed.png
789,25,closed,2025-03-28 19:44:09,/static/images/closed.png
790,23,closed,2025-03-28 19:44:09,/static/images/closed.png
791,7,open,2025-03-28 19:49:48,/static/images/open.png
792,11,open,2025-03-28 19:51:05,/static/images/open.png
793,2,sever_traffic_jam,2025-03-28 19:59:34,/static/images/traffic.png
794,24,open,2025-03-28 20:00:49,/static/images/open.png
795,26,open,2025-03-28 20:00:49,/static/images/open.png
796,23,open,2025-03-28 20:00:49,/static/images/open.png
797,2,closed,2025-03-28 20:01:54,/static/images/closed.png
798,7,open,2025-03-28 20:02:57,/static/images/open.png
799,11,open,2025-03-28 20:03:11,/static/images/open.png
800,14,open,2025-03-28 20:09:21,/static/images/open.png
801,22,closed,2025-03-28 20:10:14,/static/images/closed.png
802,9,open,2025-03-28 20:15:41,/static/images/open.png
803,2,open,2025-03-28 20:15:41,/static/images/open.png
804,7,open,2025-03-28 20:15:41,/static/images/open.png
805,7,closed,2025-03-28 19:32:17,/static/images/closed.png
806,7,closed,2025-03-28 19:40:35,/static/images/closed.png
807,7,sever_traffic_jam,2025-03-28 19:40:41,/static/images/traffic.png
808,2,closed,2025-03-28 19:42:41,/static/images/closed.png
809,25,closed,2025-03-28 19:44:09,/static/images/closed.png
810,23,closed,2025-03-28 19:44:09,/static/images/closed.png
811,7,open,2025-03-28 19:49:48,/static/images/open.png
812,11,open,2025-03-28 19:51:05,/static/images/open.png
813,2,sever_traffic_jam,2025-03-28 19:59:34,/static/images/traffic.png
814,24,open,2025-03-28 20:00:49,/static/images/open.png
815,26,open,2025-03-28 20:00:49,/static/images/open.png
816,23,open,2025-03-28 20:00:49,/static/images/open.png
817,2,closed,2025-03-28 20:01:54,/static/images/closed.png
818,7,open,2025-03-28 20:02:57,/static/images/open.png
819,11,open,2025-03-28 20:03:11,/static/images/open.png
820,14,open,2025-03-28 20:09:21,/static/images/open.png
821,22,closed,2025-03-28 20:10:14,/static/images/closed.png
822,9,open,2025-03-28 20:15:41,/static/images/open.png
823,2,open,2025-03-28 20:15:41,/static/images/open.png
824,7,open,2025-03-28 20:15:41,/static/images/open.png
825,2,sever_traffic_jam,2025-03-28 20:24:34,/static/images/traffic.png
826,7,closed,2025-03-28 19:32:17,/static/images/closed.png
827,7,closed,2025-03-28 19:40:35,/static/images/closed.png
828,7,sever_traffic_jam,2025-03-28 19:40:41,/static/images/traffic.png
829,2,closed,2025-03-28 19:42:41,/static/images/closed.png
830,25,closed,2025-03-28 19:44:09,/static/images/closed.png
831,23,closed,2025-03-28 19:44:09,/static/images/closed.png
832,7,open,2025-03-28 19:49:48,/static/images/open.png
833,11,open,2025-03-28 19:51:05,/static/images/open.png
834,2,sever_traffic_jam,2025-03-28 19:59:34,/static/images/traffic.png
835,24,open,2025-03-28 20:00:49,/static/images/open.png
836,26,open,2025-03-28 20:00:49,/static/images/open.png
837,23,open,2025-03-28 20:00:49,/static/images/open.png
838,2,closed,2025-03-28 20:01:54,/static/images/closed.png
839,7,open,2025-03-28 20:02:57,/static/images/open.png
840,11,open,2025-03-28 20:03:11,/static/images/open.png
841,14,open,2025-03-28 20:09:21,/static/images/open.png
842,22,closed,2025-03-28 20:10:14,/static/images/closed.png
843,9,open,2025-03-28 20:15:41,/static/images/open.png
844,2,open,2025-03-28 20:15:41,/static/images/open.png
845,7,open,2025-03-28 20:15:41,/static/images/open.png
846,2,sever_traffic_jam,2025-03-28 20:24:34,/static/images/traffic.png
847,7,closed,2025-03-28 19:40:35,/static/images/closed.png
848,7,sever_traffic_jam,2025-03-28 19:40:41,/static/images/traffic.png
849,2,closed,2025-03-28 19:42:41,/static/images/closed.png
850,25,closed,2025-03-28 19:44:09,/static/images/closed.png
851,23,closed,2025-03-28 19:44:09,/static/images/closed.png
852,7,open,2025-03-28 19:49:48,/static/images/open.png
853,11,open,2025-03-28 19:51:05,/static/images/open.png
854,2,sever_traffic_jam,2025-03-28 19:59:34,/static/images/traffic.png
855,24,open,2025-03-28 20:00:49,/static/images/open.png
856,26,open,2025-03-28 20:00:49,/static/images/open.png
857,23,open,2025-03-28 20:00:49,/static/images/open.png
858,2,closed,2025-03-28 20:01:54,/static/images/closed.png
859,7,open,2025-03-28 20:02:57,/static/images/open.png
860,11,open,2025-03-28 20:03:11,/static/images/open.png
861,14,open,2025-03-28 20:09:21,/static/images/open.png
862,22,closed,2025-03-28 20:10:14,/static/images/closed.png
863,9,open,2025-03-28 20:15:41,/static/images/open.png
864,2,open,2025-03-28 20:15:41,/static/images/open.png
865,7,open,2025-03-28 20:15:41,/static/images/open.png
866,2,sever_traffic_jam,2025-03-28 20:24:34,/static/images/traffic.png
867,2,open,2025-03-28 20:30:44,/static/images/open.png
868,9,sever_traffic_jam,2025-03-28 20:30:45,/static/images/traffic.png
869,25,closed,2025-03-28 19:44:09,/static/images/closed.png
870,23,closed,2025-03-28 19:44:09,/static/images/closed.png
871,7,open,2025-03-28 19:49:48,/static/images/open.png
872,11,open,2025-03-28 19:51:05,/static/images/open.png
873,2,sever_traffic_jam,2025-03-28 19:59:34,/static/images/traffic.png
874,24,open,2025-03-28 20:00:49,/static/images/open.png
875,26,open,2025-03-28 20:00:49,/static/images/open.png
876,23,open,2025-03-28 20:00:49,/static/images/open.png
877,2,closed,2025-03-28 20:01:54,/static/images/closed.png
878,7,open,2025-03-28 20:02:57,/static/images/open.png
879,11,open,2025-03-28 20:03:11,/static/images/open.png
880,14,open,2025-03-28 20:09:21,/static/images/open.png
881,22,closed,2025-03-28 20:10:14,/static/images/closed.png
882,9,open,2025-03-28 20:15:41,/static/images/open.png
883,2,open,2025-03-28 20:15:41,/static/images/open.png
884,7,open,2025-03-28 20:15:41,/static/images/open.png
885,2,sever_traffic_jam,2025-03-28 20:24:34,/static/images/traffic.png
886,2,open,2025-03-28 20:30:44,/static/images/open.png
887,9,sever_traffic_jam,2025-03-28 20:30:45,/static/images/traffic.png
888,7,open,2025-03-28 19:49:48,/static/images/open.png
889,11,open,2025-03-28 19:51:05,/static/images/open.png
890,2,sever_traffic_jam,2025-03-28 19:59:34,/static/images/traffic.png
891,24,open,2025-03-28 20:00:49,/static/images/open.png
892,26,open,2025-03-28 20:00:49,/static/images/open.png
893,23,open,2025-03-28 20:00:49,/static/images/open.png
894,2,closed,2025-03-28 20:01:54,/static/images/closed.png
895,7,open,2025-03-28 20:02:57,/static/images/open.png
896,11,open,2025-03-28 20:03:11,/static/images/open.png
897,14,open,2025-03-28 20:09:21,/static/images/open.png
898,22,closed,2025-03-28 20:10:14,/static/images/closed.png
899,9,open,2025-03-28 20:15:41,/static/images/open.png
900,2,open,2025-03-28 20:15:41,/static/images/open.png
901,7,open,2025-03-28 20:15:41,/static/images/open.png
902,2,sever_traffic_jam,2025-03-28 20:24:34,/static/images/traffic.png
903,2,open,2025-03-28 20:30:44,/static/images/open.png
904,9,sever_traffic_jam,2025-03-28 20:30:45,/static/images/traffic.png
905,7,open,2025-03-28 19:49:48,/static/images/open.png
906,11,open,2025-03-28 19:51:05,/static/images/open.png
907,2,sever_traffic_jam,2025-03-28 19:59:34,/static/images/traffic.png
908,24,open,2025-03-28 20:00:49,/static/images/open.png
909,26,open,2025-03-28 20:00:49,/static/images/open.png
910,23,open,2025-03-28 20:00:49,/static/images/open.png
911,2,closed,2025-03-28 20:01:54,/static/images/closed.png
912,7,open,2025-03-28 20:02:57,/static/images/open.png
913,11,open,2025-03-28 20:03:11,/static/images/open.png
914,14,open,2025-03-28 20:09:21,/static/images/open.png
915,22,closed,2025-03-28 20:10:14,/static/images/closed.png
916,9,open,2025-03-28 20:15:41,/static/images/open.png
917,2,open,2025-03-28 20:15:41,/static/images/open.png
918,7,open,2025-03-28 20:15:41,/static/images/open.png
919,2,sever_traffic_jam,2025-03-28 20:24:34,/static/images/traffic.png
920,2,open,2025-03-28 20:30:44,/static/images/open.png
921,9,sever_traffic_jam,2025-03-28 20:30:45,/static/images/traffic.png
922,11,open,2025-03-28 19:51:05,/static/images/open.png
923,2,sever_traffic_jam,2025-03-28 19:59:34,/static/images/traffic.png
924,24,open,2025-03-28 20:00:49,/static/images/open.png
925,26,open,2025-03-28 20:00:49,/static/images/open.png
926,23,open,2025-03-28 20:00:49,/static/images/open.png
927,2,closed,2025-03-28 20:01:54,/static/images/closed.png
928,7,open,2025-03-28 20:02:57,/static/images/open.png
929,11,open,2025-03-28 20:03:11,/static/images/open.png
930,14,open,2025-03-28 20:09:21,/static/images/open.png
931,22,closed,2025-03-28 20:10:14,/static/images/closed.png
932,9,open,2025-03-28 20:15:41,/static/images/open.png
933,2,open,2025-03-28 20:15:41,/static/images/open.png
934,7,open,2025-03-28 20:15:41,/static/images/open.png
935,2,sever_traffic_jam,2025-03-28 20:24:34,/static/images/traffic.png
936,2,open,2025-03-28 20:30:44,/static/images/open.png
937,9,sever_traffic_jam,2025-03-28 20:30:45,/static/images/traffic.png
938,2,sever_traffic_jam,2025-03-28 19:59:34,/static/images/traffic.png
939,24,open,2025-03-28 20:00:49,/static/images/open.png
940,26,open,2025-03-28 20:00:49,/static/images/open.png
941,23,open,2025-03-28 20:00:49,/static/images/open.png
942,2,closed,2025-03-28 20:01:54,/static/images/closed.png
943,7,open,2025-03-28 20:02:57,/static/images/open.png
944,11,open,2025-03-28 20:03:11,/static/images/open.png
945,14,open,2025-03-28 20:09:21,/static/images/open.png
946,22,closed,2025-03-28 20:10:14,/static/images/closed.png
947,9,open,2025-03-28 20:15:41,/static/images/open.png
948,2,open,2025-03-28 20:15:41,/static/images/open.png
949,7,open,2025-03-28 20:15:41,/static/images/open.png
950,2,sever_traffic_jam,2025-03-28 20:24:34,/static/images/traffic.png
951,2,open,2025-03-28 20:30:44,/static/images/open.png
952,9,sever_traffic_jam,2025-03-28 20:30:45,/static/images/traffic.png
953,2,sever_traffic_jam,2025-03-28 19:59:34,/static/images/traffic.png
954,24,open,2025-03-28 20:00:49,/static/images/open.png
955,26,open,2025-03-28 20:00:49,/static/images/open.png
956,23,open,2025-03-28 20:00:49,/static/images/open.png
957,2,closed,2025-03-28 20:01:54,/static/images/closed.png
958,7,open,2025-03-28 20:02:57,/static/images/open.png
959,11,open,2025-03-28 20:03:11,/static/images/open.png
960,14,open,2025-03-28 20:09:21,/static/images/open.png
961,22,closed,2025-03-28 20:10:14,/static/images/closed.png
962,9,open,2025-03-28 20:15:41,/static/images/open.png
963,2,open,2025-03-28 20:15:41,/static/images/open.png
964,7,open,2025-03-28 20:15:41,/static/images/open.png
965,2,sever_traffic_jam,2025-03-28 20:24:34,/static/images/traffic.png
966,2,open,2025-03-28 20:30:44,/static/images/open.png
967,9,sever_traffic_jam,2025-03-28 20:30:45,/static/images/traffic.png
968,7,open,2025-03-28 20:02:57,/static/images/open.png
969,11,open,2025-03-28 20:03:11,/static/images/open.png
970,14,open,2025-03-28 20:09:21,/static/images/open.png
971,22,closed,2025-03-28 20:10:14,/static/images/closed.png
972,9,open,2025-03-28 20:15:41,/static/images/open.png
973,2,open,2025-03-28 20:15:41,/static/images/open.png
974,7,open,2025-03-28 20:15:41,/static/images/open.png
975,2,sever_traffic_jam,2025-03-28 20:24:34,/static/images/traffic.png
976,2,open,2025-03-28 20:30:44,/static/images/open.png
977,9,sever_traffic_jam,2025-03-28 20:30:45,/static/images/traffic.png
978,9,open,2025-03-28 20:15:41,/static/images/open.png
979,2,open,2025-03-28 20:15:41,/static/images/open.png
980,7,open,2025-03-28 20:15:41,/static/images/open.png
981,2,sever_traffic_jam,2025-03-28 20:24:34,/static/images/traffic.png
982,2,open,2025-03-28 20:30:44,/static/images/open.png
983,9,sever_traffic_jam,2025-03-28 20:30:45,/static/images/traffic.png
984,9,open,2025-03-28 20:15:41,/static/images/open.png
985,2,open,2025-03-28 20:15:41,/static/images/open.png
986,7,open,2025-03-28 20:15:41,/static/images/open.png
987,2,sever_traffic_jam,2025-03-28 20:24:34,/static/images/traffic.png
988,2,open,2025-03-28 20:30:44,/static/images/open.png
989,9,sever_traffic_jam,2025-03-28 20:30:45,/static/images/traffic.png
990,9,open,2025-03-28 20:15:41,/static/images/open.png
991,2,open,2025-03-28 20:15:41,/static/images/open.png
992,7,open,2025-03-28 20:15:41,/static/images/open.png
993,2,sever_traffic_jam,2025-03-28 20:24:34,/static/images/traffic.png
994,2,open,2025-03-28 20:30:44,/static/images/open.png
995,9,sever_traffic_jam,2025-03-28 20:30:45,/static/images/traffic.png
996,1,open,2025-04-09 18:40:44,/static/images/open.png
997,2,open,2025-04-09 18:40:44,/static/images/open.png
998,5,open,2025-04-09 18:40:44,/static/images/open.png
999,6,open,2025-04-09 18:40:44,/static/images/open.png
1000,7,open,2025-04-09 18:40:44,/static/images/open.png
1001,8,open,2025-04-09 18:40:44,/static/images/open.png
1002,9,open,2025-04-09 18:40:44,/static/images/open.png
1003,10,open,2025-04-09 18:40:44,/static/images/open.png
1004,11,open,2025-04-09 18:40:44,/static/images/open.png
1005,12,open,2025-04-09 18:40:44,/static/images/open.png
1006,13,open,2025-04-09 18:40:44,/static/images/open.png
1007,14,open,2025-04-09 18:40:44,/static/images/open.png
1008,15,open,2025-04-09 18:40:44,/static/images/open.png
1009,17,open,2025-04-09 18:40:44,/static/images/open.png
1010,18,open,2025-04-09 18:40:44,/static/images/open.png
1011,19,open,2025-04-09 18:40:44,/static/images/open.png
1012,20,open,2025-04-09 18:40:44,/static/images/open.png
1013,21,open,2025-04-09 18:40:44,/static/images/open.png
1014,22,open,2025-04-09 18:40:44,/static/images/open.png
1015,23,open,2025-04-09 18:40:44,/static/images/open.png
1016,24,open,2025-04-09 18:40:44,/static/images/open.png
1017,25,open,2025-04-09 18:40:44,/static/images/open.png
1018,26,open,2025-04-09 18:40:44,/static/images/open.png
1019,27,open,2025-04-09 18:40:44,/static/images/open.png
1020,29,open,2025-04-09 18:40:44,/static/images/open.png
1021,30,open,2025-04-09 18:40:44,/static/images/open.png
1022,31,open,2025-04-09 18:40:44,/static/images/open.png
1023,32,open,2025-04-09 18:40:44,/static/images/open.png
1024,33,open,2025-04-09 18:40:44,/static/images/open.png
1025,34,open,2025-04-09 18:40:44,/static/images/open.png
1026,35,open,2025-04-09 18:40:44,/static/images/open.png
1027,36,open,2025-04-09 18:40:44,/static/images/open.png
1028,37,open,2025-04-09 18:40:44,/static/images/open.png
1029,12,open,2025-04-09 19:01:30,/static/images/open.png
1030,19,sever_traffic_jam,2025-04-10 18:33:58,/static/images/traffic.png
1031,3,open,2025-04-10 18:37:45,/static/images/open.png
1032,1,open,2025-04-10 18:58:02,/static/images/open.png
1033,2,open,2025-04-10 18:58:02,/static/images/open.png
1034,5,open,2025-04-10 18:58:02,/static/images/open.png
1035,6,open,2025-04-10 18:58:02,/static/images/open.png
1036,7,open,2025-04-10 18:58:02,/static/images/open.png
1037,8,open,2025-04-10 18:58:02,/static/images/open.png
1038,9,open,2025-04-10 18:58:02,/static/images/open.png
1039,10,open,2025-04-10 18:58:02,/static/images/open.png
1040,11,open,2025-04-10 18:58:02,/static/images/open.png
1041,12,open,2025-04-10 18:58:02,/static/images/open.png
1042,13,open,2025-04-10 18:58:02,/static/images/open.png
1043,14,open,2025-04-10 18:58:02,/static/images/open.png
1044,15,open,2025-04-10 18:58:02,/static/images/open.png
1045,17,open,2025-04-10 18:58:02,/static/images/open.png
1046,18,open,2025-04-10 18:58:02,/static/images/open.png
1047,19,open,2025-04-10 18:58:02,/static/images/open.png
1048,20,open,2025-04-10 18:58:02,/static/images/open.png
1049,21,open,2025-04-10 18:58:02,/static/images/open.png
1050,22,open,2025-04-10 18:58:02,/static/images/open.png
1051,23,open,2025-04-10 18:58:02,/static/images/open.png
1052,24,open,2025-04-10 18:58:02,/static/images/open.png
1053,25,open,2025-04-10 18:58:02,/static/images/open.png
1054,26,open,2025-04-10 18:58:02,/static/images/open.png
1055,27,open,2025-04-10 18:58:02,/static/images/open.png
1056,29,open,2025-04-10 18:58:02,/static/images/open.png
1057,30,open,2025-04-10 18:58:02,/static/images/open.png
1058,31,open,2025-04-10 18:58:02,/static/images/open.png
1059,32,open,2025-04-10 18:58:02,/static/images/open.png
1060,33,open,2025-04-10 18:58:02,/static/images/open.png
1061,34,open,2025-04-10 18:58:02,/static/images/open.png
1062,35,open,2025-04-10 18:58:02,/static/images/open.png
1063,36,open,2025-04-10 18:58:02,/static/images/open.png
1064,37,open,2025-04-10 18:58:02,/static/images/open.png
1065,11,sever_traffic_jam,2025-04-10 19:10:04,/static/images/traffic.png
1066,14,closed,2025-04-10 19:10:58,/static/images/closed.png
1067,31,closed,2025-04-10 19:11:31,/static/images/closed.png
1068,19,open,2025-04-10 19:12:01,/static/images/open.png
1069,23,open,2025-04-12 17:35:44,/static/images/open.png
1070,23,open,2025-04-12 17:35:47,/static/images/open.png
1071,17,closed,2025-04-12 17:42:58,/static/images/closed.png
1072,14,open,2025-04-12 17:43:16,/static/images/open.png
1073,2,open,2025-04-12 17:48:41,/static/images/open.png
1074,6,open,2025-04-12 17:48:41,/static/images/open.png
1075,17,closed,2025-04-12 17:51:21,/static/images/closed.png
1076,11,open,2025-04-12 18:02:45,/static/images/open.png
1077,31,open,2025-04-12 18:07:43,/static/images/open.png
1078,2,open,2025-04-12 18:08:56,/static/images/open.png
1079,1,closed,2025-04-12 18:12:22,/static/images/closed.png
1080,9,sever_traffic_jam,2025-04-12 18:26:48,/static/images/traffic.png
1081,5,open,2025-04-12 18:35:04,/static/images/open.png
1082,28,open,2025-04-12 18:37:33,/static/images/open.png
1083,1,sever_traffic_jam,2025-04-12 18:39:40,/static/images/traffic.png
1084,18,open,2025-04-12 18:41:56,/static/images/open.png
1085,7,sever_traffic_jam,2025-04-14 15:20:37,/static/images/traffic.png
1086,11,open,2025-04-14 15:27:07,/static/images/open.png
1087,30,open,2025-04-14 15:27:10,/static/images/open.png
1088,31,open,2025-04-14 15:27:07,/static/images/open.png
1089,10,open,2025-04-14 15:30:01,/static/images/open.png
1090,2,sever_traffic_jam,2025-04-14 15:30:02,/static/images/traffic.png
1091,15,open,2025-04-14 15:31:55,/static/images/open.png
1092,1,open,2025-04-14 15:31:58,/static/images/open.png
1093,1,sever_traffic_jam,2025-04-14 15:43:45,/static/images/traffic.png
1094,9,closed,2025-04-14 15:44:52,/static/images/closed.png
1095,16,open,2025-04-14 15:53:19,/static/images/open.png
1096,20,open,2025-04-14 15:53:19,/static/images/open.png
1097,4,open,2025-04-14 15:57:57,/static/images/open.png
1098,29,open,2025-04-14 15:59:17,/static/images/open.png
1099,29,closed,2025-04-14 16:00:13,/static/images/closed.png
1100,1,open,2025-04-14 16:06:29,/static/images/open.png
1101,15,open,2025-04-14 16:17:01,/static/images/open.png
1102,14,closed,2025-04-14 16:17:14,/static/images/closed.png
1103,18,open,2025-04-14 16:17:39,/static/images/open.png
1104,7,open,2025-04-14 16:17:01,/static/images/open.png
1105,2,open,2025-04-14 16:19:37,/static/images/open.png
1106,23,closed,2025-04-14 16:20:08,/static/images/closed.png
1107,16,open,2025-04-14 16:23:43,/static/images/open.png
1108,9,open,2025-04-14 16:23:43,/static/images/open.png
1109,22,sever_traffic_jam,2025-04-14 17:42:02,/static/images/traffic.png
1110,14,open,2025-04-14 17:43:11,/static/images/open.png
1111,1,sever_traffic_jam,2025-04-14 17:43:45,/static/images/traffic.png
1112,12,open,2025-04-14 17:59:01,/static/images/open.png
1113,13,open,2025-04-14 17:59:01,/static/images/open.png
1114,24,open,2025-04-14 18:06:46,/static/images/open.png
1115,1,open,2025-04-14 18:14:20,/static/images/open.png
1116,2,open,2025-04-14 18:14:31,/static/images/open.png
1117,13,open,2025-04-14 18:15:25,/static/images/open.png
1118,10,open,2025-04-14 18:15:35,/static/images/open.png
1119,27,open,2025-04-14 18:16:22,/static/images/open.png
1120,8,open,2025-04-14 18:16:39,/static/images/open.png
1121,31,open,2025-04-14 18:19:57,/static/images/open.png
1122,16,open,2025-04-14 18:22:03,/static/images/open.png
1123,1,open,2025-04-14 18:24:32,/static/images/open.png
1124,5,open,2025-04-14 18:25:50,/static/images/open.png
1125,36,open,2025-04-14 18:27:30,/static/images/open.png
1126,31,closed,2025-04-14 18:34:47,/static/images/closed.png
1127,9,open,2025-04-14 18:39:50,/static/images/open.png
1128,9,open,2025-04-14 18:40:14,/static/images/open.png
1129,18,closed,2025-04-15 10:45:35,/static/images/closed.png
1130,7,closed,2025-04-28 14:33:05,/static/images/closed.png
1131,10,open,2025-04-28 14:35:57,/static/images/open.png
1132,3,open,2025-04-28 14:36:08,/static/images/open.png
1133,20,closed,2025-04-28 14:37:01,/static/images/closed.png
1134,23,open,2025-04-28 14:38:42,/static/images/open.png
1135,1,open,2025-04-28 14:42:02,/static/images/open.png
1136,29,sever_traffic_jam,2025-04-28 14:44:46,/static/images/traffic.png
1137,2,open,2025-04-28 14:45:09,/static/images/open.png
1138,12,open,2025-04-28 14:46:24,/static/images/open.png
1139,29,sever_traffic_jam,2025-04-28 14:46:26,/static/images/traffic.png
1140,5,open,2025-04-28 15:58:04,/static/images/open.png
1141,9,open,2025-04-28 16:00:07,/static/images/open.png
1142,21,closed,2025-04-28 16:02:41,/static/images/closed.png
1143,9,closed,2025-04-28 16:05:19,/static/images/closed.png
1144,34,open,2025-04-28 16:12:23,/static/images/open.png
1145,1,sever_traffic_jam,2025-04-28 16:14:43,/static/images/traffic.png
1146,15,sever_traffic_jam,2025-04-28 16:14:43,/static/images/traffic.png
1147,22,closed,2025-04-28 16:24:02,/static/images/closed.png
1148,14,open,2025-04-28 16:51:37,/static/images/open.png
1149,2,open,2025-04-28 16:52:56,/static/images/open.png
1150,1,closed,2025-04-28 16:53:06,/static/images/closed.png
1151,28,open,2025-04-28 17:00:53,/static/images/open.png
1152,36,open,2025-04-28 17:07:52,/static/images/open.png
1153,7,open,2025-04-28 17:13:28,/static/images/open.png
1154,9,open,2025-04-28 17:15:21,/static/images/open.png
1155,2,open,2025-05-04 12:31:22,/static/images/open.png
1156,3,open,2025-05-04 12:36:07,/static/images/open.png
1157,1,open,2025-05-04 12:43:13,/static/images/open.png
1158,18,open,2025-05-04 12:46:07,/static/images/open.png
1159,12,open,2025-05-04 12:47:03,/static/images/open.png
1160,15,closed,2025-05-04 12:48:17,/static/images/closed.png
1161,22,closed,2025-05-04 12:48:20,/static/images/closed.png
1162,9,sever_traffic_jam,2025-05-04 12:51:47,/static/images/traffic.png
1163,12,closed,2025-05-04 12:52:51,/static/images/closed.png
1164,22,closed,2025-05-04 12:52:51,/static/images/closed.png
1165,8,open,2025-05-04 12:53:54,/static/images/open.png
1166,16,open,2025-05-04 12:53:54,/static/images/open.png
1167,27,open,2025-05-04 12:53:54,/static/images/open.png
1168,12,closed,2025-05-04 12:54:46,/static/images/closed.png
1169,2,open,2025-05-04 12:55:38,/static/images/open.png
1170,11,open,2025-05-04 12:56:08,/static/images/open.png
1171,12,open,2025-05-04 12:59:11,/static/images/open.png
1172,31,open,2025-05-04 13:00:42,/static/images/open.png
1173,1,closed,2025-05-04 13:05:30,/static/images/closed.png
1174,14,open,2025-05-04 13:06:46,/static/images/open.png
1175,5,open,2025-05-04 13:11:33,/static/images/open.png
1176,18,open,2025-05-04 13:12:56,/static/images/open.png
1177,1,sever_traffic_jam,2025-05-04 13:16:34,/static/images/traffic.png
1178,7,open,2025-05-04 13:16:40,/static/images/open.png
1179,16,open,2025-05-04 13:23:03,/static/images/open.png
1180,36,closed,2025-05-04 13:25:32,/static/images/closed.png
1181,2,open,2025-05-04 13:27:57,/static/images/open.png
1182,2,sever_traffic_jam,2025-05-04 13:36:32,/static/images/traffic.png
1183,16,open,2025-05-04 13:49:51,/static/images/open.png
1184,8,open,2025-05-04 13:53:46,/static/images/open.png
1185,5,sever_traffic_jam,2025-05-04 13:54:01,/static/images/traffic.png
1186,27,open,2025-05-04 13:53:46,/static/images/open.png
1187,5,sever_traffic_jam,2025-05-04 13:54:59,/static/images/traffic.png
1188,3,open,2025-05-04 14:01:53,/static/images/open.png
1189,1,open,2025-05-04 14:05:17,/static/images/open.png
1190,7,open,2025-05-04 14:10:49,/static/images/open.png
1191,19,closed,2025-05-04 14:19:02,/static/images/closed.png
1192,5,sever_traffic_jam,2025-05-04 14:24:38,/static/images/traffic.png
1193,16,open,2025-05-04 14:24:58,/static/images/open.png
1194,12,open,2025-05-04 14:27:01,/static/images/open.png
1195,37,open,2025-05-04 14:28:35,/static/images/open.png
1196,4,open,2025-05-04 14:37:26,/static/images/open.png
1197,29,open,2025-05-04 14:37:34,/static/images/open.png
1198,17,open,2025-05-04 14:38:23,/static/images/open.png
1199,7,open,2025-05-04 14:42:05,/static/images/open.png
